{"cameraMode":{"drawMode":0,"name":"Shaded","section":"Shading Mode"},"sceneLighting":true,"audioPlay":false,"sceneViewState":{"showFog":true,"showMaterialUpdate":true,"showSkybox":false,"showFlares":true,"showImageEffects":true,"showParticleSystems":true},"in2DMode":false,"pivot":{"x":-78.72833251953125,"y":-41.1578254699707,"z":77.27896118164063},"rotation":{"x":-0.17717686295509339,"y":0.415165513753891,"z":-0.08274536579847336,"w":-0.8885145783424377},"size":134.3831787109375,"orthographic":false}