{"cameraMode":{"drawMode":0,"name":"Shaded","section":"Shading Mode"},"sceneLighting":true,"audioPlay":false,"sceneViewState":{"showFog":true,"showMaterialUpdate":true,"showSkybox":false,"showFlares":true,"showImageEffects":true,"showParticleSystems":true},"in2DMode":false,"pivot":{"x":-8.274009704589844,"y":-10.395552635192871,"z":14.49268913269043},"rotation":{"x":-0.2549065053462982,"y":0.33012285828590395,"z":-0.09307436645030976,"w":-0.9041037559509277},"size":30.214054107666017,"orthographic":false}