{"cameraMode":{"drawMode":0,"name":"Shaded","section":"Shading Mode"},"sceneLighting":true,"audioPlay":false,"sceneViewState":{"showFog":true,"showMaterialUpdate":true,"showSkybox":false,"showFlares":true,"showImageEffects":true,"showParticleSystems":true},"in2DMode":false,"pivot":{"x":-15.459832191467286,"y":-7.877493381500244,"z":27.394100189208986},"rotation":{"x":-0.16477090120315553,"y":0.2817893326282501,"z":-0.04917987808585167,"w":-0.9439595341682434},"size":46.61758804321289,"orthographic":false}