{"cameraMode":{"drawMode":0,"name":"Shaded","section":"Shading Mode"},"sceneLighting":true,"audioPlay":false,"sceneViewState":{"showFog":true,"showMaterialUpdate":true,"showSkybox":false,"showFlares":true,"showImageEffects":true,"showParticleSystems":true},"in2DMode":false,"pivot":{"x":16.25507164001465,"y":14.643389701843262,"z":-16.3855037689209},"rotation":{"x":-0.23680396378040315,"y":0.23109114170074464,"z":-0.05809987336397171,"w":-0.9418864846229553},"size":16.301292419433595,"orthographic":false}